country,adm1_pcode,region_name,stat_mean,stat_var,stat_skew,stat_kurt,hurst_exponent,approx_entropy,ar1_coeff,ar2_coeff,ar3_coeff
AFG,AF01,Kabul,28.763440860215052,118.89995324918185,0.40295677929853463,-1.069801112599834,0.25274832125643315,0.41195784581782213,0.965193977203163,0.002134886020172814,-0.028651660892249478
AFG,AF02,Kapisa,26.172043010752688,99.83964469378216,0.24268959249842964,-1.2742760717171515,0.2746934000796401,0.24651195916396063,0.9689100169172397,0.0006782897269253397,-0.028706650492909585
AFG,AF03,Parwan,25.43010752688172,123.18256194483406,0.3584774337760355,-0.5597446382369706,0.2104018638759132,0.4017020243467275,0.967676122833889,0.00124401960332153,-0.025766376759529235
AFG,AF04,Maidan Wardak,34.46236559139785,73.62085086489013,0.3945961297104742,-1.004707347497022,0.13899700666115974,0.4829245825037489,0.9221607195809036,3.993691767376281e-17,-0.07783928041909675
AFG,AF05,Logar,27.440860215053764,81.4448340345956,0.266855507765554,-0.8448027992616605,0.18987672529496713,0.456490856684705,0.9492538750980235,0.002506569789746338,-0.04095540298869232
AFG,AF06,Nangarhar,38.145833333333336,73.55745614035088,-0.2565522078534604,-1.3596564066385912,0.21099778978546083,0.3780360036170909,0.9380764153080432,0.005362062534999987,-0.05378828572624284
AFG,AF07,Laghman,38.989583333333336,59.10515350877193,-0.14165423353257162,-0.9155883853926805,0.20054677372046031,0.46291049528638384,0.9249609109981024,0.007112706156929047,-0.0712933876984108
AFG,AF08,Panjsher,28.870967741935484,126.15708274894813,0.15930586700347385,-1.4849628444678318,0.16320929888343538,0.3305964158908141,0.9320089346344407,-0.00016205040576402,-0.05101133282109202
AFG,AF09,Baghlan,28.623655913978496,72.95465170640487,-0.34356184048875654,-0.9583101809130099,0.16002646227105052,0.4049660591809747,0.8938061646467629,-0.0010781626865268203,-0.08651634098253694
AFG,AF10,Bamyan,40.88172043010753,82.49672744273025,-0.27245227997702964,-0.49953766908031083,0.12167796336172856,0.39371601934673617,0.9136385041808246,0.008794243723034993,-0.09768093905856126
AFG,AF11,Ghazni,29.827956989247312,109.73094904160826,0.43301720711522107,0.2629402060382362,0.09945762797019395,0.41479507020989814,0.9033271970051753,0.0035770213371938715,-0.10507807382646807
AFG,AF12,Paktika,36.02150537634409,104.65170640486207,-0.5471231686404081,-0.6127637306531453,0.17402549837637643,0.32862594370117426,0.9383852945677886,-0.0021147180221629917,-0.06359992926347803
AFG,AF13,Paktya,26.978494623655912,119.60822814399253,0.46555017382546093,-1.3280054965077128,0.1914262310388148,0.4420840081748354,0.9315037281485626,-9.361544207335756e-17,-0.07086584620050893
AFG,AF14,Khost,23.978494623655912,83.45605423094902,0.2987389471971835,-1.5053935002312613,0.12858348943597833,0.3853696004335918,0.9121072853089898,1.9000059555953662e-16,-0.08059798368945038
AFG,AF15,Kunar,37.322916666666664,38.36831140350878,-0.4279689894662956,-0.3609907765929439,0.11603366915061707,0.34857836498826966,0.8811324084952663,-5.139941363996356e-16,-0.06757310869915567
AFG,AF16,Nuristan,42.28125,143.86743421052634,-0.018160008219272834,-1.305178396007465,0.26264702950197916,0.4037743072300648,0.9460773208409201,1.0174388922330561e-16,-0.04282191134335
AFG,AF17,Badakhshan,51.73118279569893,67.15521271622254,-0.3558802893343725,-0.8662620535634638,0.1415922179885224,0.39030348597522124,0.918234491106273,-9.043188586836777e-17,-0.06481967783513473
AFG,AF18,Takhar,33.806451612903224,61.962131837307155,0.32957349935111235,-0.8107311994307591,0.0894489277193835,0.4428897893125274,0.8792397280480461,-0.004028929137248928,-0.10921739381877744
AFG,AF19,Kunduz,29.688172043010752,73.91257597007949,-0.027706796878237603,-0.9962785806001042,0.1422738687079475,0.3985780977827931,0.920678526748987,0.0013728383551362077,-0.06829341535367593
AFG,AF20,Samangan,39.81720430107527,61.455352968676955,0.18178820891516578,-0.42525355947239873,0.15530486192748674,0.36045045950526644,0.9533794683630649,-1.5948175544836133e-16,-0.05247776796056108
AFG,AF21,Balkh,38.505376344086024,119.2961664329126,-0.391135241245145,-0.4744007084447972,0.16205677034723573,0.4272524274850693,0.9206983998191518,0.002350521530846061,-0.05154572652807747
AFG,AF22,Sar-e-Pul,41.61290322580645,35.41374474053298,0.2949119739873975,0.22930357614153607,0.16699410321644725,0.2541646134713129,0.9461361399148175,0.007337071005958207,-0.06376977754918883
AFG,AF23,Ghor,50.96774193548387,81.66199158485277,0.13328035897918175,-1.2067191256392498,0.14380564947879018,0.4494597777393019,0.9159326758147514,-0.005476522298456573,-0.08954384648370492
AFG,AF24,Daykundi,49.25806451612903,69.36746143057505,-0.7509896275986814,-0.22607123612072888,0.09195649475219828,0.41950685028005674,0.9438044386630001,0.006761419529852569,-0.07509581447858545
AFG,AF25,Uruzgan,45.44086021505376,87.77092099111735,-0.2420663567420752,-0.9324824363856612,0.11273090211709286,0.39389709284970076,0.9512813524491396,-0.003681446238133275,-0.05787149919909999
AFG,AF26,Zabul,35.87096774193548,111.11360448807854,-0.38982838619841453,-1.1461980372341858,0.2487400793419049,0.27307094883062577,0.9464206209405234,0.0033317483065665628,-0.03448860366331356
AFG,AF27,Kandahar,36.784946236559136,84.6923796166433,-0.22972223089211075,-0.5260778502719132,0.18427671305395005,0.3328962786144136,0.9716958650980525,-0.005020607408938102,-0.04398430675961691
AFG,AF28,Jawzjan,36.795698924731184,152.79476390836845,-0.7157748566801305,-0.5655283668043878,0.13739069985788666,0.3120927320945248,0.9237749812520974,3.305329872002362e-16,-0.05227327757022137
AFG,AF29,Faryab,43.60215053763441,100.7421692379617,0.24576617731908376,-0.5484121501275685,0.23355507543841333,0.3071409859281855,0.9727098143593543,-2.2045494073730082e-17,-0.027290185640645736
AFG,AF30,Hilmand,32.54838709677419,213.1851332398317,0.6758285836408655,-0.765745333458463,0.18926219076527373,0.34619194076233084,0.9343335555201822,0.0014972416129606925,-0.06758434460212294
AFG,AF31,Badghis,53.27956989247312,175.81229546517068,-0.2944596009644361,-0.012919634399738644,0.2098772330812325,0.3864325379541036,0.9828868070451925,3.3791914867123626e-16,-0.017036583052430068
AFG,AF32,Hirat,39.55913978494624,162.01005142590006,-0.3254136180073637,-0.7670678332956973,0.1865600696222824,0.2964287472854741,0.9299805150622823,4.945951672952839e-17,-0.05595251680257953
AFG,AF33,Farah,31.559139784946236,144.0100514259,0.40367903765016894,-0.24363302774712015,0.20867024093843417,0.2905184253553368,0.927492702244935,0.0024021649154691727,-0.06279704826438276
AFG,AF34,Nimroz,44.193548387096776,44.17952314165501,-0.09429637128001991,-0.4005824258885484,0.17103175939982876,0.2945925312170923,0.940555583090566,0.007825450059750813,-0.07694016275026999
