date,observed,trend,seasonal,residual
2017-08-01,26.0,9.446750477788521,16.43165863729538,0.12159088491609715
2017-09-01,26.0,12.38942707107385,14.09102140079843,-0.4804484718722808
2017-10-01,26.0,15.330317589200282,11.03035383030673,-0.3606714195070122
2017-11-01,26.0,18.269416178331067,7.868377357509171,-0.13779353584023823
2017-12-01,26.0,21.206996982829455,4.447776773299179,0.345226243871366
2018-01-01,26.0,24.143482099832497,1.3303261669501654,0.5261917332173383
2018-02-01,26.0,27.0791996997266,-1.4427586641327788,0.3635589644061774
2018-03-01,26.0,30.014207779056488,-3.8969544509141114,-0.11725332814237532
2018-04-01,26.0,32.94823637993848,-6.839389204938033,-0.10884717500044871
2018-05-01,26.0,35.88070172984811,-9.84646590334412,-0.034235826503994815
2018-06-01,26.0,38.809879847823986,-12.82318927183972,0.013309424015737648
2018-07-01,26.0,41.727521629093225,-15.7134781453244,-0.01404348376882325
2018-08-01,60.0,44.60221716839126,15.561406854720996,-0.16362402311226276
2018-09-01,60.0,47.46372914146277,11.813562095235255,0.7227087633019735
2018-10-01,60.0,50.31677898186476,9.150568110967514,0.53265290716773
2018-11-01,60.0,53.15835372827685,6.5657915343687,0.2758547373544502
2018-12-01,60.0,55.97437483946289,3.5636154097919435,0.4620097507451675
2019-01-01,60.0,58.743380972194316,1.3298081737091216,-0.0731891459034415
2019-02-01,60.0,60.21353226781178,-0.6919117468292669,0.4783794790174909
2019-03-01,60.0,54.884838036121344,-3.8525476357577957,8.96770959963645
2019-04-01,60.0,46.30295638543983,-6.228778085661199,19.925821700221377
2019-05-01,60.0,41.126942649263086,-8.601092127774464,27.47414947851138
2019-06-01,60.0,38.26246000573993,-10.902524509679479,32.64006450393955
2019-07-01,60.0,36.20031299821414,-13.090399620923344,36.89008662270921
2019-08-01,15.0,34.193601141120425,14.685446469515657,-33.87904761063608
2019-09-01,15.0,31.5414448689377,9.487869429582918,-26.029314298520617
2019-10-01,15.0,26.906590245438863,7.214593519218576,-19.121183764657438
2019-11-01,15.0,19.06345080553364,5.223923180922596,-9.287373986456238
2019-12-01,15.0,13.383682084106347,2.7717173115801357,-1.1553993956864836
2020-01-01,15.0,14.05752255604471,1.3910928452081976,-0.44861540125290666
2020-02-01,15.0,16.014941934778935,0.19397274735203346,-1.2089146821309686
2020-03-01,15.0,17.92482372324005,-3.8576673370673586,0.9328436138273091
2020-04-01,15.0,19.809939336031803,-5.672377064885268,0.8624377288534646
2020-05-01,15.0,21.653900929467046,-7.3800592016181135,0.7261582721510678
2020-06-01,15.0,23.271019275253433,-8.979607100196658,0.7085878249432263
2020-07-01,15.0,24.54128576777368,-10.44972151032672,0.9084357425530385
2020-08-01,40.0,25.671057336376094,13.928096707516934,0.40084595610696994
2020-09-01,40.0,26.828787055036724,7.20708206007419,5.964130884889084
2020-10-01,40.0,28.033608926962064,5.425428767397919,6.540962305640019
2020-11-01,40.0,29.243607747791472,4.014891088741518,6.741501163467007
2020-12-01,40.0,30.417733798933043,2.0574412948093896,7.524824906257571
2021-01-01,40.0,31.549210388746406,1.6495906740989181,6.801198937154677
2021-02-01,40.0,32.65252867330702,1.3212025201718318,6.026268806521152
2021-03-01,30.0,33.740008179444544,-4.070140675325044,0.3301324958804983
2021-04-01,30.0,34.819420237297734,-4.978021219720141,0.1586009824224064
2021-05-01,30.0,35.88385407843184,-5.910686376688603,0.02683229825676392
2021-06-01,30.0,36.90021580512596,-6.761255867217668,-0.13895993790828953
2021-07-01,30.0,37.86597342795551,-7.493361695949644,-0.37261173200586484
2021-08-01,30.0,38.80797913388741,9.359500419699776,-18.167479553587185
2021-09-01,45.0,39.737935634764284,4.793355619653042,0.46870874558267417
2021-10-01,45.0,40.66070989148969,3.945683619229398,0.3936064892809128
2021-11-01,45.0,41.56605066122201,3.2304931779890946,0.20345616078889606
2021-12-01,45.0,42.26188720249019,1.7035920727881455,1.0345207247216592
2022-01-01,45.0,42.024029424769715,1.898590707164677,1.0773798680656057
2022-02-01,45.0,40.818621773355225,1.9856241984605494,2.1957540281842256
2022-03-01,50.0,39.758499459935216,-2.671985285096506,12.913485825161288
2022-04-01,50.0,39.07587097899779,-3.874520542199187,14.798649563201394
2022-05-01,50.0,38.52807263978425,-4.111270581897958,15.583197942113706
2022-06-01,50.0,37.97091751760641,-4.426766760143922,16.45584924253751
2022-07-01,50.0,37.35811055659226,-4.695434931701104,17.337324375108842
2022-08-01,50.0,36.64530709139014,5.956308056967212,7.398384851642653
2022-09-01,35.0,35.83405665908125,3.0157841638909995,-3.849840822972247
2022-10-01,35.0,34.95351691105058,1.2807047249622747,-1.2342216360128546
2022-11-01,35.0,34.02700902435358,1.172301985318125,-0.19931100967171034
2022-12-01,35.0,33.04839933699605,0.9553637938600994,0.9962368691438499
2023-01-01,35.0,32.03106234088907,1.2036117668251745,1.7653258922857518
2023-02-01,35.0,30.98652433798308,1.4204203894792606,2.593055272537658
2023-03-01,35.0,29.91746754497472,-0.577155011195656,5.659687466220937
2023-04-01,25.0,28.8329912829064,-1.651273182031374,-2.181718100875024
2023-05-01,25.0,27.750875389387897,-2.2066920719526038,-0.5441833174352944
2023-06-01,25.0,26.68818069218027,-2.0781385765952334,0.3899578844149616
2023-07-01,25.0,25.660204659600087,-1.965840755033487,1.3056360954333996
2023-08-01,25.0,24.678514819960547,2.3839556472009975,-2.062470467161546
2023-09-01,25.0,23.761762259126257,1.2997079833453398,-0.06147024247159649
2023-10-01,20.0,22.949055455657646,-0.18663751078999072,-2.762417944867657
2023-11-01,20.0,22.267113568384598,-0.17672049684460872,-2.0903930715399888
2023-12-01,20.0,21.704461671282683,0.008816124173694095,-1.7132777954563778
2024-01-01,20.0,21.232024225626585,0.23868249128028232,-1.470706716906868
2024-02-01,20.0,20.828461342183676,0.44098397231407616,-1.2694453144977516
2024-03-01,20.0,20.507435430178496,1.2009363963059627,-1.7083718264844592
2024-04-01,20.0,20.299289236884967,0.4765901966921498,-0.7758794335771171
2024-05-01,20.0,20.212036495662296,-0.2904497958230036,0.07841330016070813
2024-06-01,20.0,20.312252983447117,0.2935441946291461,-0.6057971780762621
2024-07-01,20.0,20.428339810633354,0.8083253586805677,-1.2366651693139197
2024-08-01,20.0,20.554675954653103,-1.1418792832949818,0.5872033286418805
2024-09-01,20.0,20.68985920823278,-0.3684266263072952,-0.3214325819254853
2024-10-01,20.0,20.832583540548292,-1.534788281385348,0.7022047408370575
2024-11-01,20.0,20.98163861914923,-1.4467201100496052,0.4650814909003742
2024-12-01,20.0,21.13573228829258,-1.0492716223399166,-0.08646066595266433
2025-01-01,20.0,21.29365104738168,-0.9128579409879127,-0.3807931063937673
2025-02-01,20.0,21.45450321640552,-0.8789914687297884,-0.5755117476757334
2025-03-01,25.0,21.617832613732645,3.027031078785374,0.3551363074819811
2025-04-01,25.0,21.78355540067213,2.7635235831595257,0.452921016168343
